Unnamed: 0,link,text,user,likes,retweets,comments,Extracted_Info,predicted_label,fake_confidence
0,https://twitter.com/Hanii_tales/status/1840070919257239709#m,People are putting up a strong resistance in Rawalpindi. PTI workers still continue to clash with the police around Liaquat Bagh and Murree Road. These brave workers have been holding their ground against the oppressive police forces since noon.,Khan Saab,503,149,3,"Here are the extracted information:

* Area: Rawalpindi, specifically around Liaquat Bagh and Murree Road
* Safety issue: Clashes between PTI workers and police forces
* Severity: High (since it involves clashes and likely physical violence)",1.0,0.7489999532699585
1,https://twitter.com/riazghafur/status/1841065333500559382#m,Compassion in Action; a traffic policeman assisting an elderly man while ensuring smooth traffic flow on a busy road in Peshawar.  #rgviews #kppolice @KP_Police1,Riaz Ghafur,0,0,0,"Here are the extracted information:

* Area: Peshawar
* Safety Issue: None (no clear safety issue mentioned)
* Severity: Low (as it's related to traffic congestion, which is considered a minor issue)

Note: Since there is no clear safety issue mentioned in the tweet, I marked it as irrelevant. The presence of a traffic policeman assisting an elderly man does not necessarily indicate a safety issue. The tweet highlights a positive act of compassion and effective traffic management, rather than a safety concern.",1.0,0.9966928958892822
26,https://twitter.com/BrigAshfaqHasan/status/1839712304495280601#m,"A frustated friend of mine wrote:  Was coming from Peshawar to Rawalpindi. All roads including motorway, GT road, khanpur taxilla roads were closed by containers. Now heading towards Abbotabad to spend the night. Miles and miles of vehicles were stopped. Met a family who were going to Lahore to attend funeral of their mother. Another family was coming from Naran and going to Karachi. The worst thing is they closed the roads by using containers of containing perishable without paying them a penny. There is absolutely no guidance to common people either by police on site or highways helpline. The stranded people face an absolute chaos and frustration. I don’t know what types of dumb people propose such measures. It makes even the supporting people of government  enemies.  سیاست کریں لیکن لوگوں کے لئے مشکلات پیدا نہ کریں۔ یہ چیزیں مزید نفرت پہدا کرتی ھیں",Ashfaq Hassan,1,0,1,"Here are the extracted information:

**Area:** Pakistan (specifically, locations such as Peshawar, Rawalpindi, Abbottabad, Lahore, and Naran)

**Safety Issue:** Roadblock caused by containers along various roads (motorway, GT road, Khanpur Taxilla roads) without any clear guidance or support from authorities, potentially causing frustration and chaos among stranded people.

**Severity:** Medium to High. Although there is no specific mention of accidents or harm caused by the roadblocks, the frustration and chaos caused by the lack of guidance and support from authorities could lead to potential safety issues, such as increased risk of accidents or disorderly behavior.",1.0,0.9942451119422913
34,https://twitter.com/PKMKB_DilSeKaho/status/1839337170156564687#m,"In Bagan, Sunnis fired at an ambulance of Shias, the dead body was being brought from Peshawar to Parachinar in the ambulance. Now the regret is that Even the government ambulance is not safe on the government road. #SaveParachinar #Parachinar #Shiagenocide #Kurram #kurramWantPeace",PKMKB ®,2,1,0,"Here are the extracted information:

* Area: Bagan, Parachinar, Peshawar, Kurram
* Safety issue: Firing at an ambulance, making it a safety incident
* Severity: High (since shooting at an ambulance with a dead body is a serious incident with potential loss of life)

Note: The severity is marked as high since it's a serious incident with potential loss of life. It's not related to traffic or congestion, so the severity is not marked as low.",1.0,0.9981369972229004
40,https://twitter.com/shaheryarhassan/status/1838456741878477287#m,#Rawalpindi: Due to accident near Choor Chowk Peshawar Road (Lady Passed Away) people are protesting on both sides of the roads. Long ques. Use alternative route. #ChampAlertsOnTheGo #CAOTG,Shaheryar Hassan,10,1,1,"Here are the extracted information:

* Area: Rawalpindi, Peshawar Road (specifically near Choor Chowk)
* Safety Issue: Accident (specifically, a lady passed away)
* Severity: High",1.0,0.993905246257782
64,https://twitter.com/inspkltd/status/1823461836295168011#m,"Under the leadership of Hammad Azhar, the biggest rally of Lahore started from Barkat Market and was taken out from the main boulevard road after MM ALAM Gulberg to Jail Road. Even thousands of policemen could not stop the way. Joined in thousands with slogans",Asif Nawaz,0,0,0,"Here are the extracted information:

**Area:** Lahore, specifically the main boulevard road after MM ALAM Gulberg to Jail Road.

**Safety Issue:**Thousands of policemen could not stop the way, implying a possible safety issue related to crowd control or traffic management.

**Severity:** Medium (not low as it's not just a traffic or congestion issue, and thousands of policemen were unable to control the crowd, suggesting a potential danger or risk).

Note: If there was no clear safety issue, I would have marked it as ""irrelevant"" as per your request.",1.0,0.974412739276886
78,https://twitter.com/tabloidpk/status/1819803774292308362#m,"A 27-year-old German tourist named Berg Florian was robbed near Allama Iqbal International Airport, Lahore. Lahore Police confirmed this robbery incident.  Berg came to Pakistan by traveling on his bicycle. He was sleeping while camping on a road close to the airport when a condemnable robbery incident happened.  Read all the details on tabloidpk ⬇️ https://tabloidpk.com/politics-and-pakistan/german-tourist-berg-florian-robbed-near-airport-in-lahore/",TabloidPK,2,0,0,"Here are the extracted information:

* Area: Allama Iqbal International Airport, Lahore, Pakistan
* Safety issue: Robbery incident
* Severity: Medium (note: the severity is medium because a tourist was robbed, which can be a significant concern for a foreigner in a foreign country)

Note: The severity is not marked as low because a robbery incident is not related to traffic or congestion, and it's a serious safety issue.",1.0,0.9980712532997131
97,https://twitter.com/PTIOfficialCA/status/1836846715774665215#m,"Former President of Lahore and MPA Asghar Gujjar, winner of Form 45, was arrested from Ring Road, shared @Hammad_Azhar   Sanam Javed's @sanamkh22 father Javed Iqbal is being shifted from Wahdat Colony police station to an unknown place, reports @AdvSalmanShahid   The Punjab Provincial Government and its CM are fearful of people practicing their civil rights for peaceful assembly. This latest round of fascism unleashed on their people will not deter them from their purpose of speaking out against unlawful treatments of their peers and leadership.   #LahoreJalsa",PTI Canada Official,33,23,0,"Here are the extracted information:

* **Area:** Lahore, Wahdat Colony
* **Safety Issue:** Arrest, possibly unlawful or custodial detention (of Javed Iqbal), and reports of shifting from one location to an unknown place (unclear reason or circumstances)
* **Severity:** High ( Potential harm or coercion, restriction of civil rights, and unclear treatment of individuals in custody)",1.0,0.9911012649536133
110,https://twitter.com/MIrfanMalick/status/1796463527894663440#m,Respected CM @MaryamNSharif pl direct the concerned to install traffic signal in front of Syed Modudi College Wahdat Road Lahore as there are many kids' schools there.  Absence of speed breakers and signals are causing accidents there and endangering lives of kids and all others.,Muhammad Irfan Malik 🇵🇰,0,0,0,"Here are the extracted information:

* Area: Wahdat Road, Lahore
* Safety issue: accidents, endangering lives of kids and others
* Severity: Medium (not related to traffic or congestion, so it's not low, and there is a clear safety issue, so it's not irrelevant)",1.0,0.9826217889785767
120,https://twitter.com/cleangreenpaki/status/1830817753705431293#m,#lyariexpressway need e-toll . Heavy traffic jam on sohrab goath interchange daily but no one to resolve it . #karachi need attention,zakiulhaqq,0,0,0,"Here are the extracted information:

* **Area:** Lyari Expressway, Sohrab Goth interchange, Karachi
* **Safety issue:** Heavy traffic jam, congestion
* **Severity:** Low",1.0,0.9969918727874756
128,https://twitter.com/AlJarrar2/status/1831925932262924415#m,if you buy anything any products from Gul Ahmed textile mills Karachi either locally or international level you are worst human being unfortunately   #girl #girls #women #natasha #iqbal #karsaz #road #accident #gulahmed #textiles #mills,AlJarrar Pakistan-Political Movement(English&Urdu),1,0,0,"Here are the extracted information:

**Area**: Karachi (Pakistan)
**Safety issue**: Accident (specifically, a reference to the Karsaz road accident)
**Severity**: Medium to High (as the tweet is expressing strong condemnation and criticism towards Gul Ahmed textile mills, implying a significant concern or impact)

Note that the tweet does not explicitly state the accident, but the hashtag #karsaz #road #accident and the mention of a specific textile mills suggests a connection to a prior accident.",1.0,0.9957088232040405
144,https://twitter.com/AsherUsmani/status/1808850990092685694#m,@KhiTraffic 🚦📷 Daily severe traffic congestion on Nazimabad Main Road from SITE Habib Bank Bridge to Eidhah due to fruit vendors blocking the road. Urgent action needed! 📷@khitrafficpol #KarachiTraffic #TrafficAlert #Nazimabad,Asher Usmani,0,0,0,"Here are the extracted details:

**Area:** Nazimabad Main Road, from SITE Habib Bank Bridge to Eidhah, Karachi

**Safety Issue:** Roadblock (blockage caused by fruit vendors)

**Severity:** Low (related to traffic congestion)",1.0,0.9940205216407776
155,https://twitter.com/ReluctantAhsan/status/1757809089923453321#m,@murtazawahab1 The road has collapsed near NBP Head office II Chundrigar road as a result of which a red bus got stuck today....water line gutted on university road resulting in traffic jam...!!! #Karachi,@[-]5@n ni5@r,0,0,0,"Area: NBP Head office, II Chundrigar Road, University Road (all located in Karachi)

Safety issue: Road collapse, resulting in a bus getting stuck and water line gutted, which is likely to cause traffic jams

Severity: medium",1.0,0.9951633214950562
162,https://twitter.com/RapidPakistan/status/1742532797234077740#m,"Karachi Mayor Barrister Murtaza Wahab revealed that out of 266 buildings along major roads in Karachi like II Chundrigar Road, Sharea Faisal, and Shahrah-e-Quaideen, only six have fire safety setups, and the rest don't even have fire extinguishers. #RapidPakistan",Rapid Pakistan,0,0,0,"Here's the extracted information:

**Area:** Karachi

**Safety Issue:** Fire risk due to lack of fire safety setups and fire extinguishers in buildings.

**Severity:** High",1.0,0.9983606934547424
163,https://twitter.com/PakStartup/status/1742523776519024800#m,"Karachi Mayor Barrister Murtaza Wahab revealed that among the 266 buildings on Karachi’s major roads, including II Chundrigar Road, Sharea Faisal, and Shahrah-e-Quaideen, only six have fire safety facilities  #Karachi #buildings #mayor #Metropolitan #MurtazaWahab",Startup Pakistan,88,10,0,"Here are the extracted details:

* Area: Karachi (specifically, major roads including II Chundrigar Road, Sharea Faisal, and Shahrah-e-Quaideen)
* Safety issue: Fire safety facilities not installed in many buildings
* Severity: High (since it's related to fire safety, which is a critical concern)",1.0,0.9207526445388794
165,https://twitter.com/KarachiiBeats/status/1737820214694395957#m,A report commissioned by Mayor Karachi reveals a lack of fire safety measures in 29 out of 45 buildings on II Chundrigar Road.   #karachibeats #karachi #karachiibeats #firesafetyawareness #unsafe,Karachi Beats,0,0,0,"Here are the extracted details:

**Area:**
Pakistan, specifically Karachi (II Chundrigar Road)

**Safety Issue:**
Lack of fire safety measures in 29 out of 45 buildings, which increases the risk of fires and related accidents.

**Severity:**
Medium to High. The lack of fire safety measures is a serious safety concern that can lead to injuries or fatalities in case of a fire.",1.0,0.9908418655395508
169,https://twitter.com/Post4th/status/1724431752884584863#m,"A fire broke out in a multi-storey commercial building on I.I. Chundrigar Road, affecting the Business and Finance Centre near Tower.#fire #karachi #iichundrigarroad   Read More: 4thpillarpost.com",Fourth Pillar Post,0,0,0,"Here are the extracted information:

**Area:** I.I. Chundrigar Road, Karachi

**Safety Issue:** Fire

**Severity:** Medium (a fire in a commercial building is a serious incident that requires immediate attention and could lead to injuries or fatalities)",1.0,0.9967105388641357
170,https://twitter.com/faisalfarooqi/status/1724085876370649474#m,"Karachi, 13 Novemver 2023. Deputy Commissioner South Karachi Captian (R) Altaf Hussain Sario and Assistant Commissioner Arambagh alongwith Mukhtiyarkar visited the incident place where the fire erupted in electric wires of Business & Finance Centre II Chundrigar road.  250-300 people were rescued from 5th and 6th floor of the building. Four vehicles of fire extinguishers, 6 vehicles of rescue 1122 and police mobiles reached at the spot within no time. No casualty or injury found yet. The fire has been extinguished and cooling process started. The situation is under controlled now. @AltafSario @DCSouthKarachi @CommissionerKhi",Faisal Farooqi,4,3,0,"Here are the extracted information:

* Area: Karachi, Chundrigar road (specifically, the Business & Finance Centre II building)
* Safety Issue: Fire
* Severity: Low-to-Moderate (there were no reported casualties or injuries, and the situation was under control after the fire was extinguished)",1.0,0.9407975077629089
180,https://twitter.com/bitjunior798/status/1840598400560947328#m,Bkwas Hy sab multan to vehari road 10 Saal hogye hein khatam hwa para Lekin mjaaal Hy k Kuch kia ho roazana accident hotay hein,Asad Iqbal,0,0,0,"Here are the extracted details:

* Area: Unknown (not specified in the tweet), but likely a road in or around Vehari, Punjab, Pakistan.
* Safety Issue: Accident
* Severity: Medium to High (as accidents can have serious consequences)",1.0,0.9929627776145935
188,https://twitter.com/shameenpti/status/1838622657635586068#m,A girl Minahil died in Mian Nawaz Sharif agriculture university Multan in a university bus accident. This is the body of the dead girl placed on road like this for hours in this heat and not returning the body to parents to get them sign the papers so they cannot file case against university. Please raise voice for Minahil   They University bus not only killed the girl but thats how they desecrated her deadbody.   #JusticeForMinahil #عدلیہ_بچاؤ_ملک_بچاؤ,Shameen,34,36,5,"Here are the extracted information:

* Area: Mian Nawaz Sharif agriculture university, Multan
* Safety issue: University bus accident
* Severity: High (due to the fatality and desecration of the dead body)",1.0,0.998011589050293
189,https://twitter.com/1Shifa/status/1839686415581315116#m,Iski badmashi chalti hai Jhang Multan road py. Shalimar k ilawa kisi bhi bus ko iss route py chalny ni deta yeh agar koi company aaey bhi to uski bus ka accident karwa dia jata hai. Iski badmashi khatam karwao please.,Shifa Ur Rahman,1,0,0,"Here are the extracted details:

* Area: Jhang Multan road py (specifically, Shalimar)
* Safety issue: Accident
* Severity: Moderate to High (accident is a clear safety issue with potential harm to people)

Note: The tweet implies that buses are not allowed on this route and that the bus would be made to be in an accident, which suggests a deliberate act, indicating a moderate to high severity.",1.0,0.99665367603302
190,https://twitter.com/ZuaidJunejo1/status/1451165062593490951#m,"Lahore Multan Road Terrible explosion in a beverage factory . The boiler exploded Terrible blast shakes, 2 killed, more deaths expected  . May ALLAH PAK Bless all . #LahoreBlast",Zuaid Junejo,282,112,17,"Here are the extracted details:

* **Area:** Lahore Multan Road
* **Safety Issue:** Boiler explosion at a beverage factory (accident)
* **Severity:** High (2 people killed, with more deaths expected, indicating a significant and serious incident)

Note that the tweet does not mention a specific traffic or congestion issue, so I didn't mark the severity as low.",1.0,0.9983068704605103
194,https://twitter.com/Saqlain_alvi7/status/1838986873580237258#m,"A tragic accident at Mian Nawaz Sharif Agriculture University, Multan, took the life of 21-year-old Minahil. Her body was left on the road for hours, and her family was pressured to sign papers to silence their pursuit of justice. This must stop! #JusticeForMinahil",Saqlain Alvi,13,10,1,"Here are the extracted information:

* Area: Mian Nawaz Sharif Agriculture University, Multan
* Safety Issue: Accident
* Severity: High

Note: The severity is marked as ""High"" because the tweet mentions a tragic accident that resulted in loss of life and the family being pressured to silence their pursuit of justice, implying that the incident had significant consequences.",1.0,0.9981240630149841
195,https://twitter.com/HazaraZubair/status/1839306933423190326#m,"My take  for @BBCUrdu Student killed in #Multan university bus accident: 'Body remained on road for hours, moved to hospital Only After Student Protest #JusticeForMinahil https://www.bbc.com/urdu/articles/ce3w9j373gxo",Mohammad Zubair Khan,3,2,0,"Here are the extracted information:

* **Area**: Multan, Pakistan
* **Safety Issue**: Bus accident
* **Severity**: High (as it leads to the death of a student and required hospitalization)

Note: The severity is marked as High because the accident resulted in a fatality and a student's body lying on the road for hours, indicating a serious and potentially traumatic incident.",1.0,0.9951005578041077
198,https://twitter.com/aspirin_bt_/status/1839151858432041165#m,A girl Minahil died in Mian Nawaz Sharif agriculture university Multan in a university bus accident. This is the body of the dead girl placed on road like this for hours in this heat and not returning the body to parents to get them sign the papers so they cannot file case,Aspirin(LQ🖤🇵🇰),1,0,1,"Here are the extracted information:

* Area: Mian Nawaz Sharif agriculture university Multan
* Safety issue: University bus accident
* Severity: High (a bus accident resulting in a fatality is a serious incident)",1.0,0.9989057779312134
199,https://twitter.com/Ali96611Ali/status/1839139244884853159#m,Plzzzz Mam #JusticeForMinahil  Multan University K Baher Road Accident Bus Ki Takar Se Intaqal Hone Wali Bachi K LiYe Notice Laein Or Un Ko Insaf Milna Chahye...@MaryamNSharif,Zeeshan Ali,0,0,0,"Here are the extracted details:

**Area:** Multan University, Baher Road, Pakistan

**Safety Issue:** Bus accident

**Severity:** High

Note: The severity is marked as High as it appears to be a serious incident involving a bus accident, which can result in injuries or fatalities.",1.0,0.9919780492782593
201,https://twitter.com/Iam_salmanshk/status/1838990293045318043#m,"A student, Minahil, lost her life in a tragic bus accident at MNS University of Agriculture, Multan. Her body left on the road in the heat for hours. This is not just negligence; it's inhumane. We demand accountability #JusticeForMinahil",Salman ✨️,0,0,0,"Here are the extracted information:

**Area:** MNS University of Agriculture, Multan

**Safety Issue:** Bus accident

**Severity:** High (accident resulting in loss of life)",1.0,0.998630166053772
203,https://twitter.com/Naveed_Ahmad_A/status/1838987639430734112#m,"A tragic accident at Mian Nawaz Sharif Agriculture University, Multan, took the life of 21-year-old Minahil. Her body was left on the road for hours, and her family was pressured to sign papers to silence their pursuit of justice. This must stop! #JusticeForMinahil",Ahمad says 15k,1,1,1,"Here are the extracted information:

**Area:** Mian Nawaz Sharif Agriculture University, Multan

**Safety Issue:** Tragic accident

**Severity:** High",1.0,0.9981240630149841
205,https://twitter.com/Hani_hon_yar/status/1838987488427131091#m,"OUTRAGEOUS! Minahil, a student at Mian Nawaz Sharif Agri Uni, Multan, died in a university bus accident. Her body was left on the road for HOURS in the scorching heat, denied dignity even in death. Demand justice #JusticeForMinahil",H A N I A _ N O O R,7,1,2,"Here are the extracted information:

**Area:** Multan, Pakistan (specifically, Mian Nawaz Sharif Agri Uni)

**Safety Issue:** University bus accident

**Severity:** High (due to the severity of the accident, leaving the body on the road for hours, and the apparent lack of dignity or respect shown to the deceased)",1.0,0.998785674571991
207,https://twitter.com/itx_marshmello/status/1838987339806163168#m,"A student, Minahil, lost her life in a tragic bus accident at MNS University of Agriculture, Multan. Her body left on the road in the heat for hours. This is not just negligence; it's inhumane. We demand accountability #JusticeForMinahil",Eeeqa🦋,0,0,1,"Here are the extracted information:

* Area: MNS University of Agriculture, Multan, Pakistan
* Safety issue: Bus accident
* Severity: High",1.0,0.998630166053772
208,https://twitter.com/asthetic_hun/status/1838987189356478894#m,"A student, Minahil, lost her life in a tragic bus accident at MNS University of Agriculture, Multan. Her body left on the road in the heat for hours. This is not just negligence; it's inhumane. We demand accountability #JusticeForMinahil",🥀,1,0,2,"Here are the extracted information:

* Area: MNS University of Agriculture, Multan, Pakistan
* Safety Issue: Bus accident
* Severity: High (loss of life and neglect of the victim's body for hours)",1.0,0.998630166053772
209,https://twitter.com/Cheifkat23/status/1838987189075460571#m,"A tragic accident at Mian Nawaz Sharif Agriculture University, Multan, took the life of 21-year-old Minahil. Her body was left on the road for hours, and her family was pressured to sign papers to silence their pursuit of justice. This must stop! #JusticeForMinahil",AQiB Majeed,0,0,0,"Here are the extracted information:

**Area:** Mian Nawaz Sharif Agriculture University, Multan

**Safety Issue:** Accident (tragic)

**Severity:** High",1.0,0.9981240630149841
210,https://twitter.com/komal_khan0/status/1838986916156293677#m,"A young girl, Minahil, tragically lost her life in a university bus accident at Mian Nawaz Sharif Agriculture University, Multan. Her body was left on the road for hours in the scorching heat. This is beyond heartless. #JusticeForMinahil",Komal 🦋,0,0,0,"Here are the extracted information:

* Area: Mian Nawaz Sharif Agriculture University, Multan, Pakistan
* Safety Issue: Bus accident
* Severity: High",1.0,0.9986636638641357
211,https://twitter.com/TufailKhanjdoon/status/1838986899123478884#m,"A student, Minahil, lost her life in a tragic bus accident at MNS University of Agriculture, Multan. Her body left on the road in the heat for hours. This is not just negligence; it's inhumane. We demand accountability #JusticeForMinahil",Tufail khan Jadoon,0,0,0,"Here are the extracted information:

* Area: MNS University of Agriculture, Multan
* Safety issue: Bus accident
* Severity: High

Note that the severity is marked as High because the tweet indicates that the student lost her life, which implies a serious and potentially fatal consequence of the accident.",1.0,0.998630166053772
220,https://twitter.com/ahmadcma_/status/1838645353370771504#m,"A young girl's body lay on the road for three to four hours.A university( Muhammad Nawaz Shareef University of Agriculture, Multan) bus hit her, and the driver fled.The University of Agriculture Multan administration did not release the body until the father signed.@MaryamNSharif",Ahmad Chaudhary,0,0,0,"Here are the extracted information:

* **Area**: Multan, Muhammad Nawaz Shareef University of Agriculture (specific location not mentioned)
* **Safety Issue**: Road accident involving a university bus, resulting in the death of a young girl
* **Severity**: High (due to the severity of the accident and the driver's fleeing the scene)

Note: The severity would typically be marked as high for accidents involving bodily harm or death, especially when there is evidence of negligence or disregard for human safety.",1.0,0.9996567964553833
238,https://twitter.com/abnnewspk/status/1837401005039731154#m,پی ٹی آئی جلسہ ،موٹروے  ایم ون اور ایم ٹو  بند،مسافروں کو شدیدمشکلات https://abnnews.pk/pakistan/139456/ #abnnews #Motorway #Police #Close #Sections #M1 #M2 #PTILahore,ABN NEWS,1,1,0,"Here are the extracted information:

**Area**: Motorway M1 and M2 (in Lahore)

**Safety Issue**: Roadblock/Band (sections of the motorway are closed)

**Severity**: Medium to High (not specifically mentioned, but the tweet suggests it might cause ""شدید مشکلات"" meaning ""severe difficulties"" for travelers)",1.0,0.9883511662483215
240,https://twitter.com/shaheryarhassan/status/1837357676877009361#m,"#Islamabad #Lahore #KP: Situation Update 10am #ChampAlertsOnTheGo  📌Due to #PTI jalsa at Kahna Sabzi Mandi today 3 to 6pm people are requested to avoid traveling on Motorway M2 & M1 as it is closed on multiple locations & people are getting stuck. 📌There is a checkpost created at Rawat which is causing traffic jam.  📌Near Kahna multiple road blocks reported on all connecting roads.  ⚠️With regard to our recent experiences, any delays in the JALSA timeline could lead to potentially tense situations. Therefore, please exercise caution in your travels. Road will be open after 10pm IA. #CAOTG #ChampAlertsOnTheGo",Shaheryar Hassan,7,0,0,"Here are the extracted information:

* Area: Multiple locations, including Motorway M2 & M1, Rawat, and Kahna Sabzi Mandi
* Safety issue: Traffic congestion, road blocks, and potential tense situations (due to delayed Jalsa timeline)
* Severity:
	+ Immediate concern: Low (traffic congestion and road blocks are likely to be frustrating, but not a serious safety issue)
	+ Long-term concern: Medium (potential tenseness and safety issues, but no clear threat of accidents or harm)",1.0,0.9946905970573425
247,https://twitter.com/TheBabaYaga99/status/1832691986337325099#m,I live in Lahore and very near to M2 motorway. Around 5am I was coming home and I saw that this fascist Punjab Gov had started to block the entry points of Islamabad Motorway with containers and unnecessary police check points.  Democracy is dead.  😑 Fascism at its Peak. 😊,Ali Mahbub,0,0,0,"Here's the extraction:

* Area: Lahore, Punjab, Pakistan (specifically near the M2 motorway)
* Safety Issue: Roadblock/unnecessary police checkpoints
* Severity: Low (related to traffic/congestion, no specific hazard or accident reported)

Note that the tweet is more of an expression of frustration and political commentary rather than a specific report of a safety issue.",1.0,0.9971247315406799
257,https://twitter.com/Asimkhanalizai/status/1766867672652812747#m,"By the way national highway n5 was also built by PMLN, it used to be a single road from Peshawar to Karachi, who converted this into dual row-dual carriageway. Who brought highway police. Who built airports? Chairlifts in Muree and Ayubia were also done by Nawaz Sharif, Pindi stadium main ja kar niazi ky Narey lagain sy pehly yee bhi pata kar lain ky Pindi Cricket stadium bhi Nawaz Sharif ny banwaya tha. Aur jis fiber optic ka internet use kar ky usey galiyan nikaltey hain vo bhi usi ny porey mulk main ly karwai theen. We didn’t have phone lines apart from major cities, people used to go to big cities to make to receive calls. Nawaz Sharif got Phone Booth’s installed on every street corner.   Also PMLN 1st and 2nd governments were only 2.5 years long and their legs were always pulled from here and there no one ever allowed them to freely serve the country. Yet they built everything under all that pressure.   This nation is u grateful, they don’t deserve anything, apart from castles built in the air by niazi.   Itney Ghairaat hy tu sab kuch haram kar lain apney app py.",Asim Khan,0,0,0,"Here are the extracted information:

**Area**: National Highway N5 from Peshawar to Karachi, Pindi Cricket Stadium, Muree, Ayubia, and major cities in Pakistan

**Safety Issue**: None explicitly mentioned. However, the tweet does mention that ""highway police"" were brought, which could imply a safety improvement.

**Severity**: Relevance (since there is no clear safety issue, it's marked as irrelevant)",1.0,0.9964320659637451
261,https://twitter.com/Bhatties68/status/1628730536587046912#m,National Highway Motorway Police Beat Name : N5 Central (GT Road Beat-12) Challaning officer : Asif Ayub Belt No : S-851 The challan was made and a local man was collecting the challan and taking the money. 1/3 👇 @NHMPofficial @ctplahore @ccpolahore,Muhammad Hamza Ali Bhatti,6,3,2,"Here are the extracted information:

**Area:** N5 Central, GT Road, Beat-12 (location in Pakistan)

**Safety Issue:** Corruption (bribes being taken by a challan collector)

**Severity:** High (as corruption can lead to reckless driving, accidents, and unfair law enforcement)",1.0,0.9945566654205322
