Tweet Text,Response
People are putting up a strong resistance in Rawalpindi. PTI workers still continue to clash with the police around Liaquat Bagh and Murree Road. These brave workers have been holding their ground against the oppressive police forces since noon.,"Here's the analysis:

Text: ""People are putting up a strong resistance in Rawalpindi. PTI workers still continue to clash with the police around Liaquat Bagh and Murree Road. These brave workers have been holding their ground against the oppressive police forces since noon.""
Area: Public/Social Protests
Severity: 2
Location: Rawalpindi, Pakistan
Reasoning: Although the tweet mentions ""clash"" and ""police forces,"" it does not indicate any specific safety risks to humans, such as accidents or injuries. The context suggests a peaceful protest or resistance, which may lead to minor disruptions or inconvenience, but no immediate safety threats."
Compassion in Action; a traffic policeman assisting an elderly man while ensuring smooth traffic flow on a busy road in Peshawar.  #rgviews #kppolice @KP_Police1,"Here's the analysis:

Text: ""Compassion in Action; a traffic policeman assisting an elderly man while ensuring smooth traffic flow on a busy road in Peshawar.  #rgviews #kppolice @KP_Police1""
Area: Road safety
Severity: 0
Location: Peshawar
Reasoning: The tweet highlights a positive incident where a traffic policeman is showing compassion and ensuring smooth traffic flow, indicating a safe and well-managed road situation.

Note: The presence of ""smooth traffic flow"" and the focus on assisting an elderly man suggests a minor, resolved situation, which contributes to a low severity score of 0."
"A frustated friend of mine wrote:  Was coming from Peshawar to Rawalpindi. All roads including motorway, GT road, khanpur taxilla roads were closed by containers. Now heading towards Abbotabad to spend the night. Miles and miles of vehicles were stopped. Met a family who were going to Lahore to attend funeral of their mother. Another family was coming from Naran and going to Karachi. The worst thing is they closed the roads by using containers of containing perishable without paying them a penny. There is absolutely no guidance to common people either by police on site or highways helpline. The stranded people face an absolute chaos and frustration. I don’t know what types of dumb people propose such measures. It makes even the supporting people of government  enemies.  سیاست کریں لیکن لوگوں کے لئے مشکلات پیدا نہ کریں۔ یہ چیزیں مزید نفرت پہدا کرتی ھیں","**Analysis**

Text: ""A frustated friend of mine wrote: Was coming from Peshawar to Rawalpindi. All roads including motorway, GT road, khanpur taxilla roads were closed by containers. Now heading towards Abbotabad to spend the night. Miles and miles of vehicles were stopped. Met a family who were going to Lahore to attend funeral of their mother. Another family was coming from Naran and going to Karachi. The worst thing is they closed the roads by using containers of containing perishable without paying them a penny. There is absolutely no guidance to common people either by police on site or highways helpline. The stranded people face an absolute chaos and frustration. I don’t know what types of dumb people propose such measures. It makes even the supporting people of government  enemies. سیاست کریں لیکن لوگوں کے لئے مشکلات پیدا نہ کریں۔ یہ چیزیں مزید نفرت پہدا کرتی ھیں""

Area: Road Traffic

Severity: 3

Location: Pakistan (Peshawar, Rawalpindi, Abbotabad, Lahore, Karachi, and Naran)

Reasoning: The tweet reports severe disruptions to road traffic due to the closure of multiple roads without prior notice or proper guidance, causing chaos and frustration among stranded travelers. While there is no direct mention of accidents or life-threatening incidents, the situation is considered moderate in severity due to the prolonged and unnecessary inconvenience caused to the public. The tone is also critical and frustrated, highlighting the inefficiency and lack of support from authorities.

Note: The ""frustrated friend"" mentioned in the tweet is not the author of the tweet, but rather someone they know who was affected by the road closures."
"In Bagan, Sunnis fired at an ambulance of Shias, the dead body was being brought from Peshawar to Parachinar in the ambulance. Now the regret is that Even the government ambulance is not safe on the government road. #SaveParachinar #Parachinar #Shiagenocide #Kurram #kurramWantPeace","**Analysis**

Text: ""In Bagan, Sunnis fired at an ambulance of Shias, the dead body was being brought from Peshawar to Parachinar in the ambulance. Now the regret is that Even the government ambulance is not safe on the government road. #SaveParachinar #Parachinar #Shiagenocide #Kurram #kurramWantPeace""

Area: Parachinar, Kurram

Severity: 5

Location: Bagan, Kurram

Reasoning: This tweet reports an incident where Sunnis fired at an ambulance carrying a dead body from Peshawar to Parachinar, specifically targeting Shias. This is a clear example of a high-severity safety issue, as it involves an attack on a medical vehicle, which poses risks to human life."
#Rawalpindi: Due to accident near Choor Chowk Peshawar Road (Lady Passed Away) people are protesting on both sides of the roads. Long ques. Use alternative route. #ChampAlertsOnTheGo #CAOTG,"**Text:** ""#Rawalpindi: Due to accident near Choor Chowk Peshawar Road (Lady Passed Away) people are protesting on both sides of the roads. Long ques. Use alternative route. #ChampAlertsOnTheGo #CAOTG""
**Area:** Rawalpindi
**Severity:** 5
**Location:** Choor Chowk Peshawar Road, Rawalpindi
**Reasoning:**

The tweet reports an accident near Choor Chowk Peshawar Road, resulting in a lady's demise. The incident has triggered protests on both sides of the roads, causing long queues. The use of ""Lady Passed Away"" explicitly indicates a severe safety issue. Although the tweet does not directly mention human traffic or road safety issues, the accident and subsequent protests suggest severe disruptions to traffic flow, making it a high-severity incident."
"Under the leadership of Hammad Azhar, the biggest rally of Lahore started from Barkat Market and was taken out from the main boulevard road after MM ALAM Gulberg to Jail Road. Even thousands of policemen could not stop the way. Joined in thousands with slogans","Text: ""Under the leadership of Hammad Azhar, the biggest rally of Lahore started from Barkat Market and was taken out from the main boulevard road after MM ALAM Gulberg to Jail Road. Even thousands of policemen could not stop the way. Joined in thousands with slogans""
Area: Public Protest/Rally
Severity: 1
Location: Lahore
Reasoning:
The tweet describes a massive rally in Lahore, with thousands of participants, led by Hammad Azhar. The rally is stated to have started from a market and ended on the main boulevard road. The presence of thousands of policemen does not seem to have deterred the rally, and slogans were chanted. Although a large gathering, the tone of the tweet appears to be one of celebration and unity, rather than danger or harm."
"A 27-year-old German tourist named Berg Florian was robbed near Allama Iqbal International Airport, Lahore. Lahore Police confirmed this robbery incident.  Berg came to Pakistan by traveling on his bicycle. He was sleeping while camping on a road close to the airport when a condemnable robbery incident happened.  Read all the details on tabloidpk ⬇️ https://tabloidpk.com/politics-and-pakistan/german-tourist-berg-florian-robbed-near-airport-in-lahore/","Text: ""A 27-year-old German tourist named Berg Florian was robbed near Allama Iqbal International Airport, Lahore. Lahore Police confirmed this robbery incident.  Berg came to Pakistan by traveling on his bicycle. He was sleeping while camping on a road close to the airport when a condemnable robbery incident happened.  Read all the details on tabloidpk ⬇️ https://tabloidpk.com/politics-and-pakistan/german-tourist-berg-florian-robbed-near-airport-in-lahore/""
Area: Public Safety
Severity: 4
Location: Lahore, Pakistan
Reasoning: Although the tweet reports a robbery incident, the context indicates that the incident is not directly related to road safety. Since the tourist was robbed while camping on a road, it is still a security issue. However, considering the robbery was committed while the tourist was sleeping, it does not pose an immediate threat to human safety. Therefore, a moderate to high severity score (4) is assigned.

Note: The presence of keywords like ""robbed"" (4), ""condemnable"" (not severe in this context), and the location of the incident (close to the airport) contribute to the assigned severity score. Nevertheless, the tweet does not mention a direct safety issue on the road, which is why a higher severity score is not assigned."
"Former President of Lahore and MPA Asghar Gujjar, winner of Form 45, was arrested from Ring Road, shared @Hammad_Azhar   Sanam Javed's @sanamkh22 father Javed Iqbal is being shifted from Wahdat Colony police station to an unknown place, reports @AdvSalmanShahid   The Punjab Provincial Government and its CM are fearful of people practicing their civil rights for peaceful assembly. This latest round of fascism unleashed on their people will not deter them from their purpose of speaking out against unlawful treatments of their peers and leadership.   #LahoreJalsa","Text: ""The Punjab Provincial Government and its CM are fearful of people practicing their civil rights for peaceful assembly. This latest round of fascism unleashed on their people will not deter them from their purpose of speaking out against unlawful treatments of their peers and leadership.""
Area: Political/civil rights
Severity: 2
Location: Lahore, Pakistan
Reasoning:
This tweet is expressing concerns about the Punjab Provincial Government's actions regarding peaceful assembly and civil rights. While it uses strong language, such as ""fascism,"" the context suggests that it is referring to political governance and not a specific safety issue or accident. The severity score is moderate (2) as it expresses frustration and fear, but does not directly mention a safety concern.

Note: The earlier parts of the tweet mentioning specific individuals being arrested or shifted are not the primary focus, and the severity scoring is based on the overall message of the tweet."
Respected CM @MaryamNSharif pl direct the concerned to install traffic signal in front of Syed Modudi College Wahdat Road Lahore as there are many kids' schools there.  Absence of speed breakers and signals are causing accidents there and endangering lives of kids and all others.,"Text: ""Respected CM @MaryamNSharif pl direct the concerned to install traffic signal in front of Syed Modudi College Wahdat Road Lahore as there are many kids' schools there. Absence of speed breakers and signals are causing accidents there and endangering lives of kids and all others.""

Area: Traffic

Severity: 4

Location: Wahdat Road, Lahore

Reasoning:

The tweet mentions accidents, which are a clear indication of a safety issue. The context suggests that the absence of traffic signals and speed breakers is causing accidents, which pose a serious risk to the lives of kids and others. Although the tweet does not explicitly state a accident occurred, the intention is to prevent future accidents by installing these safety measures. The tone is concerned and serious, indicating a moderate to high severity issue."
#lyariexpressway need e-toll . Heavy traffic jam on sohrab goath interchange daily but no one to resolve it . #karachi need attention,"Text: ""#lyariexpressway need e-toll . Heavy traffic jam on sohrab goath interchange daily but no one to resolve it . #karachi need attention""
Area: Traffic and Infrastructure
Severity: 2
Location: Lyari Expressway, Sohrab Goth Interchange, Karachi
Reasoning:
The tweet reports a daily traffic jam at the Sohrab Goth Interchange on the Lyari Expressway, indicating a moderate safety issue due to congestion. The use of the word ""heavy"" to describe the traffic jam suggests a significant disruption, and the lack of resolution or attention from authorities is a concern. However, since there is no mention of accidents, injuries, or fatalities, the severity score is 2, indicating a moderate safety issue rather than a severe one."
if you buy anything any products from Gul Ahmed textile mills Karachi either locally or international level you are worst human being unfortunately   #girl #girls #women #natasha #iqbal #karsaz #road #accident #gulahmed #textiles #mills,"Here is the analysis:

Text: ""if you buy anything any products from Gul Ahmed textile mills Karachi either locally or international level you are worst human being unfortunately #girl #girls #women #natasha #iqbal #karsaz #road #accident #gulahmed #textiles #mills""

Area: Road safety/Traffic

Severity: 0

Location: Karachi

Reasoning: This tweet appears to be an opinionated rant about a consumer product rather than a report of an accident or safety issue. The use of hashtags like ""girl"", ""girls"", ""women"", and ""natasha"" seems unrelated to road safety. The mention of ""road"" and ""accident"" is likely a coincidence, and the tweet does not describe a specific incident or safety concern. The tone is one of criticism or dissatisfaction, but not safety-related. Therefore, I assign a low severity score of 0.

Please note that I have taken into account the entire meaning of the text, considering the possible use of sarcasm or indirect references, and evaluated the tweet based on the provided guidelines."
@KhiTraffic 🚦📷 Daily severe traffic congestion on Nazimabad Main Road from SITE Habib Bank Bridge to Eidhah due to fruit vendors blocking the road. Urgent action needed! 📷@khitrafficpol #KarachiTraffic #TrafficAlert #Nazimabad,"Text: ""Daily severe traffic congestion on Nazimabad Main Road from SITE Habib Bank Bridge to Eidhah due to fruit vendors blocking the road. Urgent action needed! @khitrafficpol #KarachiTraffic #TrafficAlert #Nazimabad""

Area: Karachi
Severity: 3
Location: Nazimabad Main Road
Reasoning: The tweet describes a recurring issue of severe traffic congestion caused by fruit vendors blocking the road, which is a moderate safety issue. urgency of the situation is mentioned with ""Urgent action needed!"" which further supports the moderate severity score.

The tweet does not contain any keywords that would indicate high severity, such as accidents, collisions, explosions, robbery, or fires. However, the phrase ""severe traffic congestion"" suggests a significant disruption to traffic flow. The language is straightforward and objective, without any sarcastic or figurative language, which makes it easier to determine the severity score. A moderate severity score of 3 is assigned to emphasize the importance of addressing this recurring issue to improve road safety in the area."
@murtazawahab1 The road has collapsed near NBP Head office II Chundrigar road as a result of which a red bus got stuck today....water line gutted on university road resulting in traffic jam...!!! #Karachi,"**Text:** ""The road has collapsed near NBP Head office II Chundrigar road as a result of which a red bus got stuck today....water line gutted on university road resulting in traffic jam...!!! #Karachi""

**Area:** National highways or city roads

**Severity:** 4

**Location:** Karachi, Pakistan

**Reasoning:** The tweet reports a road collapse, which is a significant safety issue, requiring immediate attention. The incident has caused a red bus to become stuck, which raises concerns about potential harm to passengers and other road users. Additionally, the water line getting gutted on a nearby road is likely to cause a traffic jam, which may lead to further safety risks, such as accidents or congestion-related hazards. While the tweet does not explicitly mention injuries or fatalities, the severity of the incident warrants a high severity score of 4.

Note: The use of ""...'..."" in the tweet indicates frustration and urgency, emphasizing the importance of addressing the situation promptly."
"Karachi Mayor Barrister Murtaza Wahab revealed that out of 266 buildings along major roads in Karachi like II Chundrigar Road, Sharea Faisal, and Shahrah-e-Quaideen, only six have fire safety setups, and the rest don't even have fire extinguishers. #RapidPakistan","Here is the analysis:

Text: ""Karachi Mayor Barrister Murtaza Wahab revealed that out of 266 buildings along major roads in Karachi like II Chundrigar Road, Sharea Faisal, and Shahrah-e-Quaideen, only six have fire safety setups, and the rest don't even have fire extinguishers. #RapidPakistan""

Area: Urban Planning, City Development

Severity: 2

Location: Karachi, Pakistan

Reasoning:
The tweet reports a safety concern, specifically regarding fire safety setups in buildings along major roads in Karachi. Although it doesn't describe a direct accident or incident, it highlights a potential risk to public safety. The use of words like ""only six"" and ""rest"" emphasizes the severity of the situation. However, since it's a report and not a direct account of an incident, I assign a moderate severity score (2).

Note: I didn't find any unsafe or safe keywords explicitly mentioned in the tweet, but the nature of the information indicates a potential safety concern."
"Karachi Mayor Barrister Murtaza Wahab revealed that among the 266 buildings on Karachi’s major roads, including II Chundrigar Road, Sharea Faisal, and Shahrah-e-Quaideen, only six have fire safety facilities  #Karachi #buildings #mayor #Metropolitan #MurtazaWahab","**Text:** ""Karachi Mayor Barrister Murtaza Wahab revealed that among the 266 buildings on Karachi’s major roads, including II Chundrigar Road, Sharea Faisal, and Shahrah-e-Quaideen, only six have fire safety facilities  #Karachi #buildings #mayor #Metropolitan #MurtazaWahab""

**Area:** Public Health and Safety infrastructure

**Severity:** 1 (Low)

**Location:** Karachi, Pakistan

**Reasoning:** The tweet reports that only 6 out of 266 buildings on major roads in Karachi have fire safety facilities. While this is a significant issue, it does not necessarily indicate an imminent or ongoing safety risk. The tweet is more informative and alerting, highlighting the mayor's revelation, rather than describing an immediate hazard. The issue is more related to public health and safety infrastructure, which is a lower-severity concern compared to direct safety risks."
A report commissioned by Mayor Karachi reveals a lack of fire safety measures in 29 out of 45 buildings on II Chundrigar Road.   #karachibeats #karachi #karachiibeats #firesafetyawareness #unsafe,"Text: ""A report commissioned by Mayor Karachi reveals a lack of fire safety measures in 29 out of 45 buildings on II Chundrigar Road. #karachibeats #karachi #karachiibeats #firesafetyawareness #unsafe""
Area: Public health and safety
Severity: 4
Location: Karachi
Reasoning: The tweet reports a lack of fire safety measures in buildings, which suggests a potential hazard to human safety. Although it does not specifically mention an accident or incident, the severity score is high due to the potential risk of harm to people."
"A fire broke out in a multi-storey commercial building on I.I. Chundrigar Road, affecting the Business and Finance Centre near Tower.#fire #karachi #iichundrigarroad   Read More: 4thpillarpost.com","**Text:** ""A fire broke out in a multi-storey commercial building on I.I. Chundrigar Road, affecting the Business and Finance Centre near Tower.#fire #karachi #iichundrigarroad   Read More: 4thpillarpost.com""

**Area:** Business and Finance Centre near Tower, I.I. Chundrigar Road

**Severity:** 4

**Location:** Karachi

**Reasoning:** The tweet describes a fire in a commercial building, which poses a high risk to human safety. While the extent of the damage is unclear, the fact that it is a ""multi-storey"" building and the fire is affecting a business centre raises concerns about the potential severity of the incident. The location in Karachi also adds to the gravity, as it is a major city in Pakistan. Given the presence of high severity keywords (""fire"") and the context, I assign a severity score of 4, indicating a severe safety issue.

Note: The low severity keywords (""Read More"", ""#fire"", etc.) do not override the significance of the incident, as the tweet clearly describes a serious situation."
"Karachi, 13 Novemver 2023. Deputy Commissioner South Karachi Captian (R) Altaf Hussain Sario and Assistant Commissioner Arambagh alongwith Mukhtiyarkar visited the incident place where the fire erupted in electric wires of Business & Finance Centre II Chundrigar road.  250-300 people were rescued from 5th and 6th floor of the building. Four vehicles of fire extinguishers, 6 vehicles of rescue 1122 and police mobiles reached at the spot within no time. No casualty or injury found yet. The fire has been extinguished and cooling process started. The situation is under controlled now. @AltafSario @DCSouthKarachi @CommissionerKhi","Text: ""Karachi, 13 Novemver 2023. Deputy Commissioner South Karachi Captian (R) Altaf Hussain Sario and Assistant Commissioner Arambagh alongwith Mukhtiyarkar visited the incident place where the fire erupted in electric wires of Business & Finance Centre II Chundrigar road.  250-300 people were rescued from 5th and 6th floor of the building. Four vehicles of fire extinguishers, 6 vehicles of rescue 1122 and police mobiles reached at the spot within no time. No casualty or injury found yet. The fire has been extinguished and cooling process started. The situation is under controlled now.""

Area: Business & Finance Centre II, Chundrigar road, Karachi

Severity: 2

Location: Karachi

Reasoning: The situation appears to be a moderate safety issue, with a fire erupting in electric wires of a building and people being rescued from the 5th and 6th floors. However, the severity is lower due to the fact that no casualties or injuries were reported, and the fire was quickly extinguished and the situation is now under control. The presence of fire extinguishers, rescue vehicles, and police mobiles indicates a swift and effective response to the incident."
Bkwas Hy sab multan to vehari road 10 Saal hogye hein khatam hwa para Lekin mjaaal Hy k Kuch kia ho roazana accident hotay hein,"**Text:** ""Bkwas Hy sab multan to vehari road 10 Saal hogye hein khatam hwa para Lekin mjaaal Hy k Kuch kia ho roazana accident hotay hein""
**Area:** Road Safety
**Severity:** 2
**Location:** Multan to Vehari Road
**Reasoning:** Although the tweet mentions ""accident"", the context suggests it's a regular occurrence and done almost mechanically, with the phrase ""roazana accident hotay hein"" suggesting it happens daily. The tone is more informative than alarming, and there's no indication of severe consequences or life-threatening incidents. The severity score is moderate (2), reflecting the moderate safety issues mentioned in the tweet."
A girl Minahil died in Mian Nawaz Sharif agriculture university Multan in a university bus accident. This is the body of the dead girl placed on road like this for hours in this heat and not returning the body to parents to get them sign the papers so they cannot file case against university. Please raise voice for Minahil   They University bus not only killed the girl but thats how they desecrated her deadbody.   #JusticeForMinahil #عدلیہ_بچاؤ_ملک_بچاؤ,"Text: ""A girl Minahil died in Mian Nawaz Sharif agriculture university Multan in a university bus accident. This is the body of the dead girl placed on road like this for hours in this heat and not returning the body to parents to get them sign the papers so they cannot file case against university. Please raise voice for Minahil   They University bus not only killed the girl but thats how they desecrated her deadbody.   #JusticeForMinahil #عدلیہ_بچاؤ_ملک_بچاؤ""

Area: Multan
Severity: 5
Location: Mian Nawaz Sharif agriculture university, Multan
Reasoning: The tweet reports a fatal university bus accident, resulting in the death of a student, Minahil. The incident is further described as a desecration of the dead body, with the body being left on the road for hours and not being returned to the parents until they signed papers so the university could avoid a possible case against it. The tone is critical and shocked, indicating a severe violation of basic human rights and dignity. The severity score of 5 is assigned due to the report of a fatal accident and the disturbing manner in which the authorities handled the deceased person's body."
Iski badmashi chalti hai Jhang Multan road py. Shalimar k ilawa kisi bhi bus ko iss route py chalny ni deta yeh agar koi company aaey bhi to uski bus ka accident karwa dia jata hai. Iski badmashi khatam karwao please.,"Text: ""Iski badmashi chalti hai Jhang Multan road py. Shalimar k ilawa kisi bhi bus ko iss route py chalny ni deta yeh agar koi company aaey bhi to uski bus ka accident karwa dia jata hai. Iski badmashi khatam karwao please.""
Area: Jhang Multan road
Severity: 2
Location: Jhang Multan Road
Reasoning: This tweet is expressing frustration about the dominant behavior of a particular bus (iski badmashi) on the Jhang Multan road, where it doesn't allow other buses to use the route. The tweet mentions an accident might occur if someone else's bus tries to take the route, but it's a hypothetical situation. There's no reported or ongoing incident, and the tone is more of an venting frustration rather than reporting a serious situation."
"Lahore Multan Road Terrible explosion in a beverage factory . The boiler exploded Terrible blast shakes, 2 killed, more deaths expected  . May ALLAH PAK Bless all . #LahoreBlast","Here's the analysis:

**Text:** ""Lahore Multan Road Terrible explosion in a beverage factory . The boiler exploded Terrible blast shakes, 2 killed, more deaths expected  . May ALLAH PAK Bless all . #LahoreBlast""

**Area:** Lahore Multan Road

**Severity:** 5

**Location:** Lahore

**Reasoning:** The tweet reports a severe explosion at a beverage factory, resulting in the deaths of 2 people with more expected. The tone is serious, and the keywords ""explosion"", ""killed"", and ""blast"" contribute to the high severity score.

Note: The tweet explicitly mentions fatalities, which warrants a severity score of 5, the highest level, as per the guidelines."
"A tragic accident at Mian Nawaz Sharif Agriculture University, Multan, took the life of 21-year-old Minahil. Her body was left on the road for hours, and her family was pressured to sign papers to silence their pursuit of justice. This must stop! #JusticeForMinahil","Text: A tragic accident at Mian Nawaz Sharif Agriculture University, Multan, took the life of 21-year-old Minahil. Her body was left on the road for hours, and her family was pressured to sign papers to silence their pursuit of justice. This must stop! #JusticeForMinahil

Area: Accident and safety issues

Severity: 5

Location: Mian Nawaz Sharif Agriculture University, Multan

Reasoning: The tweet reports a fatal road accident resulting in the loss of life, which is a severe safety issue. The fact that the victim's body was left on the road for hours and her family was pressured to sign papers to silence their pursuit of justice adds to the severity of the situation. The use of the word ""tragic"" to describe the accident also suggests a high severity. Based on these factors, I assign a severity score of 5, indicating a high level of danger or risk to human safety."
"My take  for @BBCUrdu Student killed in #Multan university bus accident: 'Body remained on road for hours, moved to hospital Only After Student Protest #JusticeForMinahil https://www.bbc.com/urdu/articles/ce3w9j373gxo","Text: ""My take  for @BBCUrdu Student killed in #Multan university bus accident: 'Body remained on road for hours, moved to hospital Only After Student Protest #JusticeForMinahil https://www.bbc.com/urdu/articles/ce3w9j373gxo""

Area: Multan university

Severity: 5

Location: Multan

Reasoning: The tweet reports a student being killed in a university bus accident, highlighting that the body remained on the road for hours and was only moved to the hospital after student protests. This is a severe safety issue, indicating a life-threatening incident with direct impact on human life. The keywords ""killed"", ""accident"", and ""body remained on road for hours"" strongly indicate a high severity score.

Note: The tweet is a news report and not a personal experience or opinion, which further strengthens the indication of a severe safety issue."
A girl Minahil died in Mian Nawaz Sharif agriculture university Multan in a university bus accident. This is the body of the dead girl placed on road like this for hours in this heat and not returning the body to parents to get them sign the papers so they cannot file case,"Here's the analysis:

**Text:** A girl Minahil died in Mian Nawaz Sharif agriculture university Multan in a university bus accident. This is the body of the dead girl placed on road like this for hours in this heat and not returning the body to parents to get them sign the papers so they cannot file case

**Area:** Traffic Safety

**Severity:** 5

**Location:** Mian Nawaz Sharif agriculture university, Multan

**Reasoning:** The tweet reports a fatal bus accident, which is a severe safety issue (keyword: ""accident""). The circumstances described, such as the body of the deceased being left on the road for hours in extreme heat, and the delay in returning the body to the parents to prevent them from filing a case, indicate further distress and disregard for the victims' families. This tragic incident warrants a severity score of 5, indicating a high level of concern for road safety.

Note: The incident is not ambiguous, and the language used is straightforward, conveying a tragic and disturbing situation."
Plzzzz Mam #JusticeForMinahil  Multan University K Baher Road Accident Bus Ki Takar Se Intaqal Hone Wali Bachi K LiYe Notice Laein Or Un Ko Insaf Milna Chahye...@MaryamNSharif,"Text: ""Plzzzz Mam #JusticeForMinahil Multan University K Baher Road Accident Bus Ki Takar Se Intaqal Hone Wali Bachi K LiYe Notice Laein Or Un Ko Insaf Milna Chahye...@MaryamNSharif""

Area: Highway/Road

Severity: 4

Location: Multan, Pakistan

Reasoning:
The tweet appears to be related to a road accident that occurred near Multan University on Baher Road. The use of words like ""accident"" and ""intiqal hone wali bachi"" (children injured) suggests a serious incident. The tone of the tweet is emotional and advocates for justice, indicating a sense of urgency. While the tweet's purpose leans towards seeking justice rather than highlighting the incident itself, the severity of the accident and the emphasis on injustice warrants a moderate to high severity score. The presence of hashtags, such as #JusticeForMinahil, adds to the emotional tone, but does not directly impact the severity score.

Note: I've assigned a severity score of 4, which falls into the ""High"" category, as the tweet describes a serious incident involving a road accident and injured children, indicating a life-threatening situation."
"A student, Minahil, lost her life in a tragic bus accident at MNS University of Agriculture, Multan. Her body left on the road in the heat for hours. This is not just negligence; it's inhumane. We demand accountability #JusticeForMinahil","Here is the analysis:

Text: ""A student, Minahil, lost her life in a tragic bus accident at MNS University of Agriculture, Multan. Her body left on the road in the heat for hours. This is not just negligence; it's inhumane. We demand accountability #JusticeForMinahil""

Area: Multan
Severity: 5
Location: MNS University of Agriculture, Multan
Reasoning: The tweet reports a fatal bus accident resulting in the student's body being left on the road for hours, which is a severe safety issue. The tone is emotional and critical, emphasizing the inhumane nature of the incident. The language used is strong, with demands for accountability, indicating a high level of emotional distress and urgency. Given the context, a severity score of 5 is warranted.

Note: The ""accident"" keyword is a strong indicator of a high severity issue, and the description of the incident, including the student's body being left on the road, further reinforces the severity score."
"A tragic accident at Mian Nawaz Sharif Agriculture University, Multan, took the life of 21-year-old Minahil. Her body was left on the road for hours, and her family was pressured to sign papers to silence their pursuit of justice. This must stop! #JusticeForMinahil","Text: ""A tragic accident at Mian Nawaz Sharif Agriculture University, Multan, took the life of 21-year-old Minahil. Her body was left on the road for hours, and her family was pressured to sign papers to silence their pursuit of justice. This must stop! #JusticeForMinahil""

Area: Accident/Accident Investigation

Severity: 5 (High)

Location: Mian Nawaz Sharif Agriculture University, Multan

Reasoning: The tweet reports a fatal accident involving a 21-year-old, which is an immediate ""Unsafe Keyword"" (High Severity). The fact that her body was left on the road for hours and her family was pressured to sign papers to silence their pursuit of justice adds to the severity, as it involves injustice and mistreatment. The tone is serious and condemning, indicating a grave situation that demands justice."
"OUTRAGEOUS! Minahil, a student at Mian Nawaz Sharif Agri Uni, Multan, died in a university bus accident. Her body was left on the road for HOURS in the scorching heat, denied dignity even in death. Demand justice #JusticeForMinahil","Here is the analysis:

**Text:** OUTRAGEOUS! Minahil, a student at Mian Nawaz Sharif Agri Uni, Multan, died in a university bus accident. Her body was left on the road for HOURS in the scorching heat, denied dignity even in death. Demand justice #JusticeForMinahil

**Area:** Accident on university bus

**Severity:** 5

**Location:** Mian Nawaz Sharif Agri Uni, Multan

**Reasoning:**

The tweet reports a fatal university bus accident, which is a severe safety issue. The victim's body was left on the road for hours, exposing it to the scorching heat and denying the deceased dignity. The tone is outraged and demanding justice, indicating that the incident was indeed severe. The presence of keywords like ""accident"" and ""died"" further confirms the high severity of the situation."
"A student, Minahil, lost her life in a tragic bus accident at MNS University of Agriculture, Multan. Her body left on the road in the heat for hours. This is not just negligence; it's inhumane. We demand accountability #JusticeForMinahil","Here's my analysis:

**Text:** A student, Minahil, lost her life in a tragic bus accident at MNS University of Agriculture, Multan. Her body left on the road in the heat for hours. This is not just negligence; it's inhumane. We demand accountability #JusticeForMinahil

**Area:** Road safety

**Severity:** 5

**Location:** Multan, Pakistan (assuming MNS University of Agriculture is located in Multan)

**Reasoning:**

This tweet reports a severe incident, a bus accident that resulted in the loss of a student's life. The incident is characterized as ""tragic"" and ""inhumane"", indicating a high level of severity. The fact that the body was left on the road for hours in the heat further emphasizes the severity of the situation. The use of the phrase ""we demand accountability"" suggests a strong emotional response and a sense of outrage, which also contributes to the high severity score.

The tweet does not contain any safe keywords, but the unsafe keywords ""accident"" (5) and ""lost life"" (5) dominate the message. Considering the full context, a severity score of 5 is warranted to reflect the seriousness of the incident."
"A student, Minahil, lost her life in a tragic bus accident at MNS University of Agriculture, Multan. Her body left on the road in the heat for hours. This is not just negligence; it's inhumane. We demand accountability #JusticeForMinahil","**Text:** ""A student, Minahil, lost her life in a tragic bus accident at MNS University of Agriculture, Multan. Her body left on the road in the heat for hours. This is not just negligence; it's inhumane. We demand accountability #JusticeForMinahil""
**Area:** Road Safety
**Severity:** 5
**Location:** MNS University of Agriculture, Multan
**Reasoning:** The tweet reports a fatal bus accident, which indicates a severe safety issue. The use of words like ""tragic"" and ""inhumane"" further emphasizes the gravity of the situation. The loss of a life and the prolonged exposure of the body to heat without proper recovery are both high-severity factors. The demand for accountability suggests a strong public outcry, which also contributes to the high severity score.

Note: The tweet explicitly mentions a bus accident, which is a high-severity unsafe keyword, and the description of the incident only adds to the severity."
"A tragic accident at Mian Nawaz Sharif Agriculture University, Multan, took the life of 21-year-old Minahil. Her body was left on the road for hours, and her family was pressured to sign papers to silence their pursuit of justice. This must stop! #JusticeForMinahil","Text: ""A tragic accident at Mian Nawaz Sharif Agriculture University, Multan, took the life of 21-year-old Minahil. Her body was left on the road for hours, and her family was pressured to sign papers to silence their pursuit of justice. This must stop! #JusticeForMinahil""
Area: Road Safety
Severity: 5
Location: Mian Nawaz Sharif Agriculture University, Multan
Reasoning:
The tweet reports a **fatal accident** on a university campus, which is a **high-severity** event. The fact that the victim's body was left on the road for hours and her family was pressured to silence their pursuit of justice adds to the gravity of the situation. The use of the phrase ""This must stop!"" also conveys a sense of urgency and frustration, highlighting the importance of addressing the issue."
"A young girl, Minahil, tragically lost her life in a university bus accident at Mian Nawaz Sharif Agriculture University, Multan. Her body was left on the road for hours in the scorching heat. This is beyond heartless. #JusticeForMinahil","Text: A young girl, Minahil, tragically lost her life in a university bus accident at Mian Nawaz Sharif Agriculture University, Multan. Her body was left on the road for hours in the scorching heat. This is beyond heartless. #JusticeForMinahil
Area: Multan
Severity: 5
Location: Mian Nawaz Sharif Agriculture University, Multan
Reasoning: The tweet reports a fatal university bus accident, resulting in the loss of life, and describes the situation as ""beyond heartless"". The severity score is high (5) due to the life-threatening incident and the distressing circumstances surrounding the victim's body being left on the road for hours in the heat.

Note: The severity score is high due to the tragedy of the incident rather than the language used, which is emotional and outraged."
"A student, Minahil, lost her life in a tragic bus accident at MNS University of Agriculture, Multan. Her body left on the road in the heat for hours. This is not just negligence; it's inhumane. We demand accountability #JusticeForMinahil","Text: ""A student, Minahil, lost her life in a tragic bus accident at MNS University of Agriculture, Multan. Her body left on the road in the heat for hours. This is not just negligence; it's inhumane. We demand accountability #JusticeForMinahil""

Area: Public Transportation/Accidents

Severity: 5

Location: MNS University of Agriculture, Multan

Reasoning:
The tweet reports a tragic bus accident involving a student's death, which is a severe safety issue (5). The use of words like ""tragic"", ""lost her life"", and ""inhumane"" emphasize the gravity of the incident. The fact that the body was left on the road in the heat for hours suggests a lack of prompt medical attention, exacerbating the severity of the situation. The demand for accountability also indicates a desire for justice and improvement in the handling of the incident, further supporting the high severity score."
"A young girl's body lay on the road for three to four hours.A university( Muhammad Nawaz Shareef University of Agriculture, Multan) bus hit her, and the driver fled.The University of Agriculture Multan administration did not release the body until the father signed.@MaryamNSharif","Here's the analysis:

**Text:** A young girl's body lay on the road for three to four hours.A university (Muhammad Nawaz Shareef University of Agriculture, Multan) bus hit her, and the driver fled.The University of Agriculture Multan administration did not release the body until the father signed.@MaryamNSharif

**Area:** Road safety

**Severity:** 5

**Location:** Muhammad Nawaz Shareef University of Agriculture, Multan

**Reasoning:** The tweet reports a serious incident involving a bus hitting a young girl and the driver fleeing the scene. The girl's body was left on the road for an extended period, and the administration only released the body after the father signed, implying that there may have been stalling or obstruction. This incident poses a severe risk to human safety, leading to a severity score of 5."
پی ٹی آئی جلسہ ،موٹروے  ایم ون اور ایم ٹو  بند،مسافروں کو شدیدمشکلات https://abnnews.pk/pakistan/139456/ #abnnews #Motorway #Police #Close #Sections #M1 #M2 #PTILahore,"Text: ""پی ٹی آئی جلسہ ،موٹروے  ایم ون اور ایم ٹو  بند،مسافروں کو شدیدمشکلات https://abnnews.pk/pakistan/139456/ #abnnews #Motorway #Police #Close #Sections #M1 #M2 #PTILahore""

Area: Motorway M1 and M2, Lahore

Severity: 2

Location: Motorway M1 and M2, Lahore, Pakistan

Reasoning: The tweet reports that the Motorway M1 and M2 are closed due to a situation (possibly a protest or gathering) causing difficulties for travelers. This temporarily blocks traffic, but it does not imply a life-threatening hazard. Therefore, a moderate severity score of 2 is assigned."
"#Islamabad #Lahore #KP: Situation Update 10am #ChampAlertsOnTheGo  📌Due to #PTI jalsa at Kahna Sabzi Mandi today 3 to 6pm people are requested to avoid traveling on Motorway M2 & M1 as it is closed on multiple locations & people are getting stuck. 📌There is a checkpost created at Rawat which is causing traffic jam.  📌Near Kahna multiple road blocks reported on all connecting roads.  ⚠️With regard to our recent experiences, any delays in the JALSA timeline could lead to potentially tense situations. Therefore, please exercise caution in your travels. Road will be open after 10pm IA. #CAOTG #ChampAlertsOnTheGo","Text: ""#Islamabad #Lahore #KP: Situation Update 10am #ChampAlertsOnTheGo Due to #PTI jalsa at Kahna Sabzi Mandi today 3 to 6pm people are requested to avoid traveling on Motorway M2 & M1 as it is closed on multiple locations & people are getting stuck. There is a checkpost created at Rawat which is causing traffic jam. Near Kahna multiple road blocks reported on all connecting roads. With regard to our recent experiences, any delays in the JALSA timeline could lead to potentially tense situations. Therefore, please exercise caution in your travels. Road will be open after 10pm IA. #CAOTG #ChampAlertsOnTheGo""
Area: Traffic situation during a political rally
Severity: 2
Location: Motorway M2 & M1, Rawat, and nearby areas in Kahna
Reasoning: The tweet reports a traffic jam and road blocks caused by the closure of Motorway M2 & M1 and a checkpost at Rawat due to a political rally. The situation may lead to potentially tense situations if there are delays in the rally's timeline. However, there is no mention of accidents, explosions, or other high-risk situations, so the severity score is moderate (2)."
I live in Lahore and very near to M2 motorway. Around 5am I was coming home and I saw that this fascist Punjab Gov had started to block the entry points of Islamabad Motorway with containers and unnecessary police check points.  Democracy is dead.  😑 Fascism at its Peak. 😊,"Text: ""I live in Lahore and very near to M2 motorway. Around 5am I was coming home and I saw that this fascist Punjab Gov had started to block the entry points of Islamabad Motorway with containers and unnecessary police check points. Democracy is dead. Fascism at its Peak.""
Area: Traffic and Transportation
Severity: 1
Location: M2 motorway, Islamabad Motorway, Lahore
Reasoning: The tweet mentions the blocking of motorway entry points with containers and police check points, which may cause traffic disruptions. However, the tone is primarily critical of the government's actions rather than expressing concern for road safety. The use of the word ""fascism"" and the phrase ""democracy is dead"" indicates that the intention is to criticize the government's policies rather than report a safety issue. Meanwhile, no specific safety incidents or accidents are mentioned, and the tweet does not suggest any immediate danger. Therefore, the severity score is low."
"By the way national highway n5 was also built by PMLN, it used to be a single road from Peshawar to Karachi, who converted this into dual row-dual carriageway. Who brought highway police. Who built airports? Chairlifts in Muree and Ayubia were also done by Nawaz Sharif, Pindi stadium main ja kar niazi ky Narey lagain sy pehly yee bhi pata kar lain ky Pindi Cricket stadium bhi Nawaz Sharif ny banwaya tha. Aur jis fiber optic ka internet use kar ky usey galiyan nikaltey hain vo bhi usi ny porey mulk main ly karwai theen. We didn’t have phone lines apart from major cities, people used to go to big cities to make to receive calls. Nawaz Sharif got Phone Booth’s installed on every street corner.   Also PMLN 1st and 2nd governments were only 2.5 years long and their legs were always pulled from here and there no one ever allowed them to freely serve the country. Yet they built everything under all that pressure.   This nation is u grateful, they don’t deserve anything, apart from castles built in the air by niazi.   Itney Ghairaat hy tu sab kuch haram kar lain apney app py.","Text: ""By the way national highway n5 was also built by PMLN, it used to be a single road from Peshawar to Karachi, who converted this into dual row-dual carriageway. Who brought highway police. Who built airports? Chairlifts in Muree and Ayubia were also done by Nawaz Sharif, Pindi stadium main ja kar niazi ky Narey lagain sy pehly yee bhi pata kar lain ky Pindi Cricket stadium bhi Nawaz Sharif ny banwaya tha. Aur jis fiber optic ka internet use kar ky usey galiyan nikaltey hain vo bhi usi ny pure mulk main ly karwai theen. We didn’t have phone lines apart from major cities, people used to go to big cities to make to receive calls. Nawaz Sharif got Phone Booth’s installed on every street corner.   Also PMLN 1st and 2nd governments were only 2.5 years long and their legs were always pulled from here and there no one ever allowed them to freely serve the country. Yet they built everything under all that pressure.   This nation is u grateful, they don’t deserve anything, apart from castles built in the air by niazi.   Itney Ghairaat hy tu sab kuch haram kar lain apney app py.""

Area: Not applicable (road safety tweet)

Severity: 0

Location: Not applicable (general discussion about infrastructure development)

Reasoning: The tweet does not mention any road safety issues or incidents. Instead, it appears to be a political discussion, praising the achievements of Nawaz Sharif's governments, including the development of infrastructure such as highways, airports, and phone booths. The tone is neutral to positive, with no indication of danger or urgency. Therefore, I assign a severity score of 0 (Low)."
National Highway Motorway Police Beat Name : N5 Central (GT Road Beat-12) Challaning officer : Asif Ayub Belt No : S-851 The challan was made and a local man was collecting the challan and taking the money. 1/3 👇 @NHMPofficial @ctplahore @ccpolahore,"**Text:** ""National Highway Motorway Police Beat Name : N5 Central (GT Road Beat-12) Challaning officer : Asif Ayub Belt No : S-851 The challan was made and a local man was collecting the challan and taking the money. 1/3 ""

**Area:** Traffic enforcement

**Severity:** 2

**Location:** N5 Central, GT Road (Lahore, Pakistan)

**Reasoning:** This tweet reports a traffic enforcement incident where a motorway police officer issued a challan (fine) to a local man. Although there is no indication of a safety accident or incident, the tweet implies a minor disruption to traffic, as a person is ""collecting the challan and taking the money"". This suggests a moderate severity score, considering the context and tone of the tweet. There is no mention of a life-threatening or severe safety issue, warranting a high severity score."
